nombre_carrera,Asignatura,semestre,cod_ramo,Asignatura_catalogo
ENFERMERÍA,Gestión del Cuidado en Enfermería II (teoristas),,GCE21402,GESTIÓN DEL CUIDADO EN ENFERMERÍA II
ENFERMERÍA,Gestión del Cuidado en Enfermería III ( Ciclo Vital),,GCE21403,GESTIÓN DEL CUIDADO EN ENFERMERÍA III
ENFERMERÍA,"Integrado Fisiología, Fisiopatología y Farmacología en Enfermería I",,IFF21403,"INTEGRADO EN FISIOLOGÍA, FISIOPATOLOGÍA Y FARMACOLOGÍA EN ENFERMERÍA I"
ENFERMERÍA,"Integrado Fisiología, Fisiopatología y Farmacología en Enfermería II",,IFF21404,"INTEGRADO DE FISIOLOGÍA, FISIOPATOLOGÍA Y FARMACOLOGÍA EN ENFERMERÍA II"
ENFERMERÍA,Metodología de la Investigación EBE,,MIN21406,METODOLOGÍA DE LA INVESTIGACIÓN
ENFERMERÍA,Electivo Formación General I,,EFG21403,ELECTIVO DE FORMACIÓN GENERAL I
ENFERMERÍA,Electivo Formación General II,,EFG21406,ELECTIVO DE FORMACIÓN GENERAL II
ENFERMERÍA,Cuidados de Enfermería en el Adulto Crítico,,CEA21409,CUIDADOS EN ENFERMERÍA EN ADULTO CRÍTICO
ENFERMERÍA,Gestión del Cuidado en Comunidades III,,GCC21407,GESTIÓN DEL CUIDADOS EN COMUNIDADES III
ENFERMERÍA,Seminario de investigación en Enfermería II,,SIE21408,SEMINARIO EN INVESTIGACIÓN EN ENFERMERÍA II
ENFERMERÍA,Práctica Profesional en Enfermería APS,9,PEA21409,PRÁCTICA PROFESIONAL EN ENFERMERÍA EN ATENCIÓN PRIMARIA DE SALUD (B)
ENFERMERÍA,Práctica Profesional en Enfermería APS,10,PPA21410,PRÁCTICA PROFESIONAL EN ENFERMERÍA EN ATENCIÓN PRIMARIA DE SALUD (A)
ENFERMERÍA,Práctica Profesional en Enfermería Hospitalaria,9,PEH21409,PRÁCTICA PROFESIONAL EN ENFERMERÍA HOSPITALARIA (A)
ENFERMERÍA,Práctica Profesional en Enfermería Hospitalaria,10,PPH21410,PRÁCTICA PROFESIONAL EN ENFERMERÍA HOSPITALARIA (B)
MEDICINA VETERINARIA,Electivo de Formación General,4,EFG35304,ELECTIVO DE FORMACIÓN GENERAL I
MEDICINA VETERINARIA,Electivo de formación General,7,EFG35307,ELECTIVO DE FORMACIÓN GENERAL II
MEDICINA VETERINARIA,Electivo de Profundización,10,OPP35310,OPTATIVO DE PROFUNDIZACIÓN
MEDICINA VETERINARIA,Gestión y Administración Veterinaria,9,GAD35309,GESTIÓN Y ADMINISTRACIÓN
MEDICINA VETERINARIA,Imagenología Diagnóstica.,7,IDG35307,IMAGENOLOGÍA DIAGNÓSTICA
MEDICINA VETERINARIA,Inspección y Control de Calidad Veterinaria de los Alimentos,7,ICV35307,INSPECCIÓN Y CONTROL DE CALIDAD VETERINARIA EN ALIMENTOS
MEDICINA VETERINARIA,Internado Producción Animal,10,IPA35310,INTERNADO PRODUCIÓN ANIMAL
MEDICINA VETERINARIA,Medicina Interna  de Animales Mayores,8,MAM35308,MEDICINA INTERNA ANIMALES MAYORES
MEDICINA VETERINARIA,Medicina Interna de Animales de Compañía,8,MAC35308,MEDICINA INTERNA ANIMALES DE COMPAÑÍA
OBSTETRICIA Y PUERICULTURA,Antropología y Ciencias psicosociales de la SS y RR,2,ACS27102,ANTROPOLOGÍA Y CIENCIAS PSICOSOCIALES DE LA SALUD SEXUAL Y REPRODUCTIVA
OBSTETRICIA Y PUERICULTURA,Certificación I en Atencion Primaria y Modelo de Salud Familiar/Competencias en Cuidados Neonatales,9,APM27109,ATENCIÓN PRIMARIA Y MODELO DE SALUD FAMILIAR I
OBSTETRICIA Y PUERICULTURA,Certificación II en Atencion Primaria y Modelo de Salud Familiar/Competencias en Cuidados Neonatales,10,APM27110,ATENCIÓN PRIMARIA Y MODELO DE SALUD FAMILIAR II
OBSTETRICIA Y PUERICULTURA,"Climaterio, Andrología, Piso Pélvico y Oncología",6,CPO27106,"CLIMATERIO, PISO PÉLVICO Y ONCOLOGÍA"
OBSTETRICIA Y PUERICULTURA,Farmacología clínica fundamental,4,FCF27104,FARMACOLOGÍA CLÍNICA Y FUNDAMENTAL
OBSTETRICIA Y PUERICULTURA,Formación Universitaria para el Desarrollo Sostenible,3,FED27103,FORMACIÓN ÉTICA PARA EL DESARROLLO SOSTENIBLE
OBSTETRICIA Y PUERICULTURA,Integrado en Ginecoobstetricia,7,IGI27107,INTEGRADO EN GINEOBSTETRICIA
OBSTETRICIA Y PUERICULTURA,Lengua Exranjera II,2,LEN27102,LENGUA EXTRANJERA II
OBSTETRICIA Y PUERICULTURA,Lengua Exranjera III,3,LEN27103,LENGUA EXTRANJERA III
OBSTETRICIA Y PUERICULTURA,Matemáticas y Fundamentos de Bioestadísticas,6,MFB27106,MATEMÁTICA Y FUNDAMENTOS DE BIOESTADÍSTICA
OBSTETRICIA Y PUERICULTURA,Medicina Reproductiva,8,MRP27108,MEDICINA REPRODUCCIÓN
OBSTETRICIA Y PUERICULTURA,Tecnologías y Emprendimiento Aplicados a la Matronería,8,TEA27108,TECNOLOGÍA Y EMPRENDIMIENTO APLICADOS A LA MATRONERÍA
QUÍMICA Y FARMACIA,Economía Contabilidad y Costos,5,ECC24805,"ECONOMÍA , CONTABILIDAD Y COSTOS"
QUÍMICA Y FARMACIA,Optativo de Especialización 1,10,01E24810,OPTATIVO DE ESPECIALIZACIÓN I
QUÍMICA Y FARMACIA,Optativo de Especialización 2,10,02E24810,OPTATIVO DE ESPECIALIZACIÓN II
QUÍMICA Y FARMACIA,Práctica Farmacéutica 1,9,P1F24809,PRÁCTICA FARMACÉUTICA I
QUÍMICA Y FARMACIA,Práctica Farmacéutica 2,9,P2F24809,PRÁCTICA FARMACÉUTICA II
QUÍMICA Y FARMACIA,Salud Publica y Epidemiología,6,SPE24806,SALUD PÚBLICA Y EPIDMIOLOGÍA
CONTADOR AUDITOR,"Innovación,Tecnología y Analítica de Datos.",7,ITA32007,"INNOVACIÓN, TECNOLOGÍA Y ANALÍTICA DE DATOS"
CONTADOR AUDITOR,Lengua Extranjera I,1,LEN32001,LENGUA EXTRAJERA I
CONTADOR AUDITOR,Metodologías de Investigación,7,MIN32007,METODOLOGÍA DE INVESTIGACIÓN
CONTADOR AUDITOR,Taller de IFRS,8,TIF32009,TALLER IFRS
INGENIERÍA CIVIL EN MEDIO AMBIENTE,Participación y Gobernanza para la Sostenibilidad,5,PGS31005,PARTICIPACIÓN Y GOBERNANZA PARA LA SOSTENIBIILIDAD
INGENIERÍA CIVIL EN MEDIO AMBIENTE,Finanzas I,6,FIN31006,FIINANZAS I
INGENIERÍA CIVIL EN MEDIO AMBIENTE,Gestión Hídrica y Tratamiento de Residuos Líquidos,7,GTR31007,GESTIÓN HÍDRICA Y TRATAMIENTO DE RESIDUOS LÍQUIIDOS
INGENIERÍA CIVIL EN MEDIO AMBIENTE,Sostenibilidad corporativa y Reportabilidad Ambiental,9,SCR31009,SOSTENIBILIDAD CORPORATIVA Y RESPONSABILIDAD AMBIENTAL
INGENIERÍA CIVIL INDUSTRIAL,Resp.Social Universitaria,4,RSU00204,RESPONSABILIDAD SOCIAL UNIVERSITARIA
INGENIERÍA CIVIL INDUSTRIAL,Gestión de Sistemas Ambiental,6,GSA00206,GESTIÓN DE SISTEMA AMBIENTAL
INGENIERÍA CIVIL INDUSTRIAL,Gestión Proyectos,9,GEP00209,GESTIÓN DE PROYECTOS
INGENIERÍA COMERCIAL,Identidad Universitaria I,1,IDU00101,IDENTIDAD UNIVERSITTARIA I
DERECHO,Derecho Administrativo II,6,DAD00306,DERECHO ADMISTRATIVO II
DERECHO,Metdología de la Investigación Cuantitativa,8,MIC00308,METODOLOGÍA  DE LA INVESTIGACIÓN CUANTITATIVA
DERECHO,Metdología de la Investigación Cualitativa,9,MIC00309,METODOLOGÍA DE LA INVESTIGACIÓN CUALITATIVA
DERECHO,Opetativo de Profundización I,9,OP100309,OPTATIVO DE PROFUNDIZACIÓN I
DERECHO,Opetativo de Profundización II,9,OP200309,OPTATIVO DE PROFUNDIZACIÓN II
INGENIERÍA EN INFORMÁTICA,Base de Datos y Sistemas,2,BDS24302,BASES DE DATOS Y SISTEMAS
INGENIERÍA EN INFORMÁTICA,Responsabilidad Universitaria,4,RSU24304,RESPONSABILIDAD SOCIAL UNIVERSITARIA
INGENIERÍA EN INFORMÁTICA,Actividad deTitulación,8,ACT24308,ACTIVIDAD DE TITULACIÓN
INGENIERÍA EN REALIDAD VIRTUAL Y DISEÑO DE JUEGOS DIGITALES,Nuevas Tecnologías de Desarrollo 3D,6,NTD35106,NUEVAS TECNOLOGÍAS DE DESARROLO 3D
INGENIERÍA MECATRÓNICA,Taller de IoT,1,TIT42401,TALLER IOT
INGENIERÍA MECATRÓNICA,Tecnologías Emergentes,8,TEE45408,TECNOLOGÍA EMERGENTES
FONOAUDIOLOGÍA,Neuropsicolingüística Aplicada,4,NPL24604,NEUROPSICOLINGÜÍSTICA
FONOAUDIOLOGÍA,Práctica Integrada en Fonoaudiología IV,4,PIF24604,PRÁCTICA INTEGRADA EN FONOAUDILOGÍA IV
FONOAUDIOLOGÍA,Práctica Profesional Inicial en Fonoaudiología,8,PPI24608,PRÁCTICA PROFESIONAL INICIAL EN FONOAUDILOGÍA
KINESIOLOGÍA,Formación Universtaria para el Desarrollo Sostenible,3,FED21203,FORMACIÓN ÉTICA PARA EL DESARROLLO SOSTENIBLE
KINESIOLOGÍA,Patología Clínica Aplicada en el Curso de Vida,5,PCA21205,PATOLOGÍA CLÍNICA APLICADA EN EL CURSO DE LA VIDA
KINESIOLOGÍA,Evaluación Neurokinésica en el Curso de Vida,6,ENC21206,EVALUACIÓN NEUROKINÉSICA EN EL CURSO DE LA VIDA
KINESIOLOGÍA,Evaluación Cardiorrespiratoria en el Curso de Vida,6,ECC21206,EVALUACIÓN CARDIORRESPIRATORIA EN EL CURSO DE LA VIDA
KINESIOLOGÍA,Evaluación Musculoesquelética en el Curso de Vida,6,EMC21206,EVALUACIÓN MUSCULOESQUELÉTICA EN EL CURSO DE LA VIDA
KINESIOLOGÍA,Intervención Neurokinésica en el Curso de Vida,7,INC21207,INTERVENCIÓN NEUROKINÉSICA EN EL CURSO DE LA VIDA
KINESIOLOGÍA,Intervención Cardiorrespiratoria en el Curso de Vida,7,ICC21207,INTERVENCIÓN CARDIORRESPIRATORIA EN EL CURSO DE LA VIDA
KINESIOLOGÍA,Intervención Musculoesquelética en el Curso de Vida,7,IMC21207,INTERVENCIÓN MUSCULOESQUELÉTICA EN EL CURSO DE LA VIDA
KINESIOLOGÍA,Electivo de Especialidad  en Kinesiología,8,OPK21208,OPTATIVO DE PROFUNDIZACIÓN EN KINESIOLOGÍA
NUTRICIÓN Y DIETÉTICA,Evaluación Nutricional Infanto- Juvenil,5,ENI21605,EVALUACIÓN NUTRICIONAL INFANTO-JUVENIL
NUTRICIÓN Y DIETÉTICA,Dietética Infanto- Juvenil,6,DIJ21606,DIETÉTICA INFANTO-JUVENIL
NUTRICIÓN Y DIETÉTICA,Dietoterapia Infanto Juvenil,7,DIJ21607,DIETOTERAPÍA INFANTO-JUVENIL
TECNOLOGÍA MÉDICA MENCIÓN OFTALMOLOGÍA Y OPTOMETRÍA,Anatomía Oftalmológica I.,3,ANO24603,ANATOMÍA OFTALMOLÓGICA
TECNOLOGÍA MÉDICA MENCIÓN OFTALMOLOGÍA Y OPTOMETRÍA,Física Básica.,3,FIB24603,FÍSICA BÁSICA
TECNOLOGÍA MÉDICA MENCIÓN OFTALMOLOGÍA Y OPTOMETRÍA,Física para Oftalmología.,4,FOF24604,FÍSICA PARA OFTALMOLOGÍA
TECNOLOGÍA MÉDICA MENCIÓN OFTALMOLOGÍA Y OPTOMETRÍA,Práctica Integrada I en Morfofisiología TMO.,4,PIO24604,PRÁCTICA INTEGRADA EN TMO I
TECNOLOGÍA MÉDICA MENCIÓN OFTALMOLOGÍA Y OPTOMETRÍA,Morfofisiopatología del Sistema Visual I.,5,MSU24605,MORFOFISIOPATOLOGÍA DEL SISTEMA VISUAL I
TECNOLOGÍA MÉDICA MENCIÓN OFTALMOLOGÍA Y OPTOMETRÍA,Bioseguridad Oftalmológica.,5,BOF24605,BIOSEGURIDAD OFTALMOLÓGICA
TECNOLOGÍA MÉDICA MENCIÓN OFTALMOLOGÍA Y OPTOMETRÍA,Estrabismo.,5,EST24605,ESTRABISMO
TECNOLOGÍA MÉDICA MENCIÓN OFTALMOLOGÍA Y OPTOMETRÍA,Física Óptica.,5,FIO24605,FÍSICA ÓPTICA
TECNOLOGÍA MÉDICA MENCIÓN OFTALMOLOGÍA Y OPTOMETRÍA,Informática Médica.,5,INM24605,INFORMÁTICA MÉDICA
TECNOLOGÍA MÉDICA MENCIÓN OFTALMOLOGÍA Y OPTOMETRÍA,Práctica Integrada II TMO.,5,PIO24605,PRÁCTICA INTEGRADA EN TMO II
TECNOLOGÍA MÉDICA MENCIÓN OFTALMOLOGÍA Y OPTOMETRÍA,Farmacología Oftalmológica.,6,FOF24606,FARMACOLOGÍA OFTALMOLÓGICA
TECNOLOGÍA MÉDICA MENCIÓN OFTALMOLOGÍA Y OPTOMETRÍA,Métodos de Exploración del Sistema Visual.,6,MES24606,MÉTODOS DE EXPLORACIÓN DEL SISTEMA VISUAL
TECNOLOGÍA MÉDICA MENCIÓN OFTALMOLOGÍA Y OPTOMETRÍA,Morfofisiopatología del Sistema Visual II.,6,MSU24606,MORFOFISIOPATOLOGÍA DEL SISTEMA VISUAL II
TECNOLOGÍA MÉDICA MENCIÓN OFTALMOLOGÍA Y OPTOMETRÍA,Técnicas de Estudio del Campo Visual.,6,TEC24606,TÉCNICAS DE ESTUDIO DEL CAMPO VISUAL
TECNOLOGÍA MÉDICA MENCIÓN OFTALMOLOGÍA Y OPTOMETRÍA,Técnicas de Ortóptica y Pleóptica.,6,TOP24606,TÉCNICAS DE ORTÓPTICA Y PLEÓPTICA
TECNOLOGÍA MÉDICA MENCIÓN OFTALMOLOGÍA Y OPTOMETRÍA,Práctica Integrada III TMO.,6,PIO24606,PRÁCTICA INTEGRADA EN TMO III
TECNOLOGÍA MÉDICA MENCIÓN OFTALMOLOGÍA Y OPTOMETRÍA,Baja Visión.,7,BVS24607,BAJA VISIÓN
TECNOLOGÍA MÉDICA MENCIÓN OFTALMOLOGÍA Y OPTOMETRÍA,Proyecto de Grado I TMO.,7,PGO24607,PROYECTO DE GRADO I TMO
TECNOLOGÍA MÉDICA MENCIÓN OFTALMOLOGÍA Y OPTOMETRÍA,Examenes Funcionales del Sistema Visual I.,7,EFS24607,EXÁMENES FUNCIONALES DEL SISTEMA VISUAL I
TECNOLOGÍA MÉDICA MENCIÓN OFTALMOLOGÍA Y OPTOMETRÍA,Optometría Clínica I.,7,OPC24607,OPTOMETRÍA CLÍNICA I
TECNOLOGÍA MÉDICA MENCIÓN OFTALMOLOGÍA Y OPTOMETRÍA,Práctica Integrada IV TMO.,7,PIO24607,PRÁCTICA INTEGRADA EN TMO IV
TECNOLOGÍA MÉDICA MENCIÓN OFTALMOLOGÍA Y OPTOMETRÍA,Terapia Visual.,8,TRV24608,TERAPIA VISUAL
TECNOLOGÍA MÉDICA MENCIÓN OFTALMOLOGÍA Y OPTOMETRÍA,Proyecto de Grado II TMO.,8,PGO24608,PROYECTO DE GRADO II TMO
TECNOLOGÍA MÉDICA MENCIÓN OFTALMOLOGÍA Y OPTOMETRÍA,Examenes Funcionales del Sistema Visual II.,8,EFS24608,EXÁMENES FUNCIONALES DEL SISTEMA VISUAL II
TECNOLOGÍA MÉDICA MENCIÓN OFTALMOLOGÍA Y OPTOMETRÍA,Cirugía Refractiva.,8,CRF24608,CIRUGÍA REFRACTIVA
TECNOLOGÍA MÉDICA MENCIÓN OFTALMOLOGÍA Y OPTOMETRÍA,Optometría Clínica II.,8,OPC24608,OPTOMETRÍA CLÍNICA II
TECNOLOGÍA MÉDICA MENCIÓN OFTALMOLOGÍA Y OPTOMETRÍA,Práctica Integrada V TMO.,8,PIO24608,PRÁCTICA INTEGRADA EN TMO V
TECNOLOGÍA MÉDICA MENCIÓN OFTALMOLOGÍA Y OPTOMETRÍA,Integrado Clínico I TMO.,9,ICO24609,INTEGRADO CLÍNICO I TMO
TECNOLOGÍA MÉDICA MENCIÓN OFTALMOLOGÍA Y OPTOMETRÍA,Práctica Profesional Integrada I TMO.,9,PPO24609,PRÁCTICA PROFESIONAL I TMO
TECNOLOGÍA MÉDICA MENCIÓN OFTALMOLOGÍA Y OPTOMETRÍA,Integrado Clínico II TMO.,10,ICO24610,INTEGRADO CLÍNICO II TMO
TECNOLOGÍA MÉDICA MENCIÓN OFTALMOLOGÍA Y OPTOMETRÍA,Práctica Profesional Integrada II TMO.,10,PPO24610,PRÁCTICA PROFESIONAL II TMO
TECNOLOGÍA MÉDICA MENCIÓN IMAGENOLOGÍA Y FÍSICA MÉDICA,Práctica Integrada I TMI,4,PII24604,PRÁCTICA INTEGRADA EN TMI I
TECNOLOGÍA MÉDICA MENCIÓN IMAGENOLOGÍA Y FÍSICA MÉDICA,Práctica Integrada II TMI,5,PII24605,PRÁCTICA INTEGRADA EN TMI II
TECNOLOGÍA MÉDICA MENCIÓN IMAGENOLOGÍA Y FÍSICA MÉDICA,Práctica Integrada III TMI,6,PII824606,PRÁCTICA INTEGRADA TMI III
TECNOLOGÍA MÉDICA MENCIÓN IMAGENOLOGÍA Y FÍSICA MÉDICA,Proyecto De Grado I TMI,7,PGI24607,PROYECTO DE GRADO EN TMI I
TECNOLOGÍA MÉDICA MENCIÓN IMAGENOLOGÍA Y FÍSICA MÉDICA,Práctica Integrada IV TMI,7,PII24607,PRÁCTICA INTEGRADA EN TMI IV
TECNOLOGÍA MÉDICA MENCIÓN IMAGENOLOGÍA Y FÍSICA MÉDICA,Proyecto De Grado II TMI,8,PGI24608,PROYECTO DE GRADO EN TMI II
TECNOLOGÍA MÉDICA MENCIÓN IMAGENOLOGÍA Y FÍSICA MÉDICA,Práctica Integrada V TMI,8,PII24608,PRÁCTICA INTEGRADA EN TMI V
TECNOLOGÍA MÉDICA MENCIÓN IMAGENOLOGÍA Y FÍSICA MÉDICA,Informática Médica,8,INM24608,INFORMÁTICA MÉDICA
TECNOLOGÍA MÉDICA MENCIÓN IMAGENOLOGÍA Y FÍSICA MÉDICA,Integrado Clínico I TMI,9,ICL24609,INTEGRADO CLÍNICO EN TMI I
TECNOLOGÍA MÉDICA MENCIÓN IMAGENOLOGÍA Y FÍSICA MÉDICA,Práctica Profesional I TMI,9,PPI24609,PRÁCTICA PROFESIONAL EN TMI I
TECNOLOGÍA MÉDICA MENCIÓN IMAGENOLOGÍA Y FÍSICA MÉDICA,Integrado Clínico II TMI,10,ICL24610,INTEGRADO CLÍNICO EN TMI II
TECNOLOGÍA MÉDICA MENCIÓN IMAGENOLOGÍA Y FÍSICA MÉDICA,Práctica Profesional II TMI,10,PPI24610,PRÁCTICA PROFESIONAL EN TMI II
"TECNOLOGÍA MÉDICA MENCIÓN BIOANÁLISIS CLÍNICO MOLECULAR, HEMATOLOGÍA Y MEDICINA TRANSFUSIONAL",Química Orgánica para Bioanálisis,3,QOB24603,QUÍMICA ORGÁNICA PARA EL BIOANÁLISIS
"TECNOLOGÍA MÉDICA MENCIÓN BIOANÁLISIS CLÍNICO MOLECULAR, HEMATOLOGÍA Y MEDICINA TRANSFUSIONAL",PI  I TMB,4,PIB24604,PRÁCTICA INTEGRADA EN TMB I
"TECNOLOGÍA MÉDICA MENCIÓN BIOANÁLISIS CLÍNICO MOLECULAR, HEMATOLOGÍA Y MEDICINA TRANSFUSIONAL",PI II TMB,5,PIB24605,PRÁCTICA INTEGRADA EN TMB II
"TECNOLOGÍA MÉDICA MENCIÓN BIOANÁLISIS CLÍNICO MOLECULAR, HEMATOLOGÍA Y MEDICINA TRANSFUSIONAL",PI III TMB,6,PIB24606,PRÁCTICA INTEGRADA EN TMB III
"TECNOLOGÍA MÉDICA MENCIÓN BIOANÁLISIS CLÍNICO MOLECULAR, HEMATOLOGÍA Y MEDICINA TRANSFUSIONAL",Proyecto De Grado I TMB,7,PGB24607,PROYECTO DE GRADO EN TMB I
"TECNOLOGÍA MÉDICA MENCIÓN BIOANÁLISIS CLÍNICO MOLECULAR, HEMATOLOGÍA Y MEDICINA TRANSFUSIONAL",PI IV TMB,7,PIB24607,PRÁCTICA INTEGRADA EN TMB IV
"TECNOLOGÍA MÉDICA MENCIÓN BIOANÁLISIS CLÍNICO MOLECULAR, HEMATOLOGÍA Y MEDICINA TRANSFUSIONAL",Proyecto De Grado II TMB,8,PGB24608,PROYECTO DE GRADO EN TMB II
"TECNOLOGÍA MÉDICA MENCIÓN BIOANÁLISIS CLÍNICO MOLECULAR, HEMATOLOGÍA Y MEDICINA TRANSFUSIONAL",PI V TMB,8,PIB24608,PRÁCTICA INTEGRADA EN TMB V
"TECNOLOGÍA MÉDICA MENCIÓN BIOANÁLISIS CLÍNICO MOLECULAR, HEMATOLOGÍA Y MEDICINA TRANSFUSIONAL",Práctica Profesional I TMB,9,PPB24609,PRÁCTICA PROFESIONAL EN TMB I
"TECNOLOGÍA MÉDICA MENCIÓN BIOANÁLISIS CLÍNICO MOLECULAR, HEMATOLOGÍA Y MEDICINA TRANSFUSIONAL",Integrado Clínico II TMB,10,ICB24610,INTEGRADO CLÍNICO EN TMB II
"TECNOLOGÍA MÉDICA MENCIÓN BIOANÁLISIS CLÍNICO MOLECULAR, HEMATOLOGÍA Y MEDICINA TRANSFUSIONAL",Práctica Profesional II TMB,10,PPB246610,PRÁCTICA PROFESIONAL EN TMB II
TERAPIA OCUPACIONAL,Neurociencia Cognitiva y Conductual,4,NCC24704,NEUROCIENCIA COGNITIVA CONDUCTUAL
TERAPIA OCUPACIONAL,Práctica Integrada Terapia Ocupacional III,5,PIT24705,PRÁCTICA INTEGRADA EN TERAPIA OCUPACIONAL III
TERAPIA OCUPACIONAL,Práctica Profesional II,9,P2P24709,PRÁCTICA PROFESONAL II
ENTRENADOR EN ACTIVIDAD FÍSICA Y DEPORTE,Anatomía Aplicada a la Actividad Física y Deportiva,1,AAD39501,ANATOMÍA APLICADA  A LA  ACTIVIDAD FÍSCA Y DEPORTIVA
ENTRENADOR EN ACTIVIDAD FÍSICA Y DEPORTE,Fundamentos de la Motricidad,1,FMO39501,FUDAMENTOS DE LA MOTRICIDAD
ENTRENADOR EN ACTIVIDAD FÍSICA Y DEPORTE,Formación Deportiva de Fútbol,1,FDF39501,FORMACIÓN DEPORTIVA FÚTBOL
ENTRENADOR EN ACTIVIDAD FÍSICA Y DEPORTE,Metodología de Investigación,6,MIN39506,METODOLOGÍA DE LA INVESTIGACIÓN
ENTRENADOR EN ACTIVIDAD FÍSICA Y DEPORTE,Preescripción de la Actividad Física y el Ejercicio,7,PAE39507,PRESCRIPCIÓN DE LA ACTIVIDAD FÍSICA Y EL EJERCICIO
ENTRENADOR EN ACTIVIDAD FÍSICA Y DEPORTE,Recursos Técnologicos Aplicados al Deporte,8,RTA39508,RESCURSOS TECNOLÓGICOS APLICADOS AL DEPORTE
PERIODISMO,Lengua Extranjera I,1,ING00401,INGLÉS I
PERIODISMO,Redacción Estilística,2,RET00402,REDACCIÓN ETILÍSTICA
PERIODISMO,Cibercultura y Narrativas Digitales,2,CND00402,CIBERCULTURA Y NARRAVITAS DIGITALES
PERIODISMO,Lengua Extranjera II,2,ING00402,INGLÉS II
PERIODISMO,Análisis de la Actualidad y Construcción de Noticias,2,ACN00402,ANÁLISIS DE LA  ACTUALIDAD Y CONTRUCCIÓN DE NOTICIAS
PERIODISMO,Lengua Extranjera III,3,ING00403,INGLÉS III
PERIODISMO,Lengua Extranjera IV,4,ING00404,INGLÉS IV
PERIODISMO,Periodismo Crítico y Edición de Contenido Periodístico,7,PEP00407,PERIODISMO CRÍTICO Y EDICIÓN DE CONTENDIO PERIODÍSTICO
PERIODISMO,(CA) Nuevas Herramientas de la Comunicación Estratégica,9,NHC00409,NUEVAS HERRAMIENTAS DE LA COMUNICACIÓN ESTRATEGICA
PERIODISMO,(CA) Marketing y Posicionamiento de Marca,9,MPM00409,MARKETING Y POSICIONAMIENTO DE MARCA
PERIODISMO,(CA) Negocios Digitales y Ejecución de Proyectos Comunicacionales,9,NEP00409,NEGOCIOS DIGITALES Y EJECUCIÓN DE PROYECTOS COMUNICACIONALES
PSICOLOGÍA,Neurociencia Cognitiva y Conductual,3,NCC02303,NEUROCIENCIA COGNITIVA CONDUCTUAL
PSICOLOGÍA,Teoría y Clínica Psicoanalítica I,5,TCA02305,TEORÍA CLÍNICA PSICOANALÍTICA I
TRABAJO SOCIAL,METODOLOGÍA PARA LA INTERVENCIÓN SOCIAL,2,MIS35402,METODOLOGÍA PARA INTERVENCIÓN SOCIAL
TRABAJO SOCIAL,"PRÁCTICA I, OBSERVACIÓN",2,PIO35402,PRÁCTICA I: OBSERVACIÓN
TRABAJO SOCIAL,METODOLOGÍA PARA LA INTERVENCIÓN EN INDIVIDUO Y FAMILIA,3,MII35403,METODOLOGÍA PARA LA INTERVENCIÓN: INDIVIDUO Y FAMILIA
TRABAJO SOCIAL,"PRÁCTICA II, INDIVIDUO Y FAMILIA",4,PIF35404,PRÁCTICA II: INDIVIDUO Y FAMILIA
TRABAJO SOCIAL,METODOLOGÍA PARA LA INTERVENCION EN COMUNIDAD Y CIUDADANÍA,5,MIC35405,METODOLOGÍA PARA LA INTERVENCIÓN EN COMUNIDAD Y CUIDADANÍA
TRABAJO SOCIAL,FUNDAMENTOS SOCIOJURÍDICOS DEL ESTADO  Y LAS POLÍTICAS PUBLICAS,5,FSP35405,FUNDAMENTOS SOCIO-JURÍDICOS DEL ESTADO Y LAS POLÍTICAS PÚBLICAS
TRABAJO SOCIAL,FUNDAMENTOS SOCIOJURÍDICOS DEL INDIVIDUO Y FAMILIA,5,FSI35405,FUNDAMENTOS SOCIO-JURÍDICOS DEL INDIVIDUO Y FAMILIA
TRABAJO SOCIAL,METODOLOGÍA DE LA INVESTIGACIÓN CUANTITATIVA,6,MIC35406,METODOLOGÍA DE INVESTIGACIÓN CUANTITATIVA
TRABAJO SOCIAL,"PRÁCTICA III, GRUPOS Y REDES",6,PGR35406,PRÁCTICA III: GRUPOS Y REDES
TRABAJO SOCIAL,METODOLOGÍA DE LA INVESTIGACION CUALITATIVA,7,MIC35407,METODOLOGÍA DE INVESTIGACIÓN CUALITATIVA
TRABAJO SOCIAL,PRÁCTICA INTEGRADA: COMUNIDAD Y CIUDADANÍA,8,PCC35408,PRÁCTICA INTEGRADA: COMUNIDAD Y CUIDADANÍA
TRABAJO SOCIAL,OPTATIVO DE ESPECIALIZACION 1 MAGEN,9,O1EA35409,OPTATIVO DE ESPECIALIZACIÓN I (A)
TRABAJO SOCIAL,OPTATIVO DE ESPECIALIZACION  2 MAGEN,9,O2EA35409,OPTATIVO DE ESPECIALIZACIÓN II (A)
TRABAJO SOCIAL,OPTATIVO DE ESPECIALIZACIÓN  3 MAGEN,9,O3EA35409,OPTATIVO DE ESPECIALIZACIÓN III (A)
TRABAJO SOCIAL,OPTATIVO DE ESPECIALIZACION  1 POLÍTICAS PÚBLICAS,9,O1EB35409,OPTATIVO DE ESPECIALIZACIÓN I (B)
TRABAJO SOCIAL,OPTATIVO DE ESPECIALIZACION  2  POLÍTICAS PÚBLICAS,9,O2EB35409,OPTATIVO DE ESPECIALIZACIÓN II (B)
TRABAJO SOCIAL,OPTATIVO DE ESPECIALIZACIÓN  3  POLÍTICAS PÚBLICAS,9,O3EB35409,OPTATIVO DE ESPECIALIZACIÓN III (B)
